"GROUP","chr1_112028340_C_T","chr1_206566860_TA_TAA","chr1_57602334_A_G","chr11_70777553_C_A","chr11_70777566_G_A","chr11_88925242_C_G","chr11_99690376_T_C","chr12_106460856_G_A","chr14_24435308_A_C","chr15_57731728_G_A","chr16_2125834_C_T","chr16_2125937_G_C","chr18_7008591_C_T","chr19_14040896_A_G","chr19_17741422_A_G","chr19_54781466_G_C","chr19_54781509_T_C","chr2_162279826_C_A","chr2_206610502_G_T","chr20_30452782_T_C","chr3_77684222_T_C","chr6_346431_A_C","chr7_100616181_A_C","chr7_100616185_T_C","chr7_100616186_G_A","chr7_107818851_C_T","chr7_153750160_T_TC","chr8_100871751_CTTT_CTTTT","chrX_153215839_A_G","chrX_153216036_A_G","chrX_153220360_G_A","chrX_9659766_A_G"
"BIPMED",0,1,0,1,1,0,1,0,"0",2,0,0,0,0,1,2,2,"0",0,1,0,1,1,1,1,2,"0","0",0,2,2,"2"
"BIPMED",0,1,0,1,1,1,0,0,"1",2,0,0,0,0,0,1,1,"0",0,0,0,0,1,1,1,2,"0","0",1,1,1,"1"
"HELENA",0,0,0,1,1,1,1,1,"0",2,0,0,0,0,1,2,2,"0",0,0,0,0,1,1,1,2,"1","0",2,0,0,"0"
"HELENA",0,0,1,1,1,0,0,0,"0",2,0,0,1,1,0,2,2,"0",0,1,0,1,0,0,0,2,"0","1",1,1,1,"1"
"HELENA",0,1,0,1,1,0,0,1,"0",2,0,0,1,0,0,1,1,"0",0,0,1,0,0,0,0,0,"1","0",0,2,2,"2"
"HELENA",0,1,0,0,0,0,0,0,"1",0,0,0,0,0,0,2,2,"0",0,1,1,0,0,0,0,1,"0","0",1,1,1,"1"
"BIPMED",1,1,0,0,0,0,1,0,"0",1,0,0,0,1,1,2,2,"1",0,0,0,1,0,0,0,1,"0","0",1,1,1,"1"
"HELENA",0,0,0,1,1,0,0,0,"0",2,0,0,0,0,0,2,2,"0",0,1,0,0,1,1,1,1,"0","0",2,0,0,"2"
"BIPMED",0,1,1,0,0,0,1,0,"0",1,0,0,1,0,1,2,2,"0",0,1,0,1,0,0,0,2,"2","0",2,0,0,"2"
"HELENA",0,1,0,1,1,1,0,0,"1",2,0,1,0,0,1,2,2,"1",0,0,0,0,1,1,1,2,"0","0",0,2,2,"2"
"HELENA",0,1,0,1,1,1,0,0,"1",2,0,0,1,0,0,1,1,"1",0,1,0,0,1,1,1,2,"2","2",0,0,0,"0"
"HELENA",0,0,0,1,1,0,1,0,"0",2,0,0,0,0,1,1,1,"0",0,0,0,0,1,1,1,2,"2","0",1,0,0,"1"
"HELENA",0,0,0,2,2,0,0,1,"1",2,0,0,0,0,0,2,2,"0",1,2,0,0,1,1,1,2,"0","0",0,2,2,"2"
"BIPMED",0,0,0,1,1,0,1,0,".",1,0,0,0,0,0,2,2,"0",1,0,0,0,1,1,1,1,"0","1",2,0,0,"0"
"BIPMED",0,1,0,0,0,0,0,0,"1",1,0,0,0,0,0,1,1,"0",0,0,0,0,1,1,1,2,"1","1",0,0,0,"0"
"HELENA",0,0,0,1,1,1,0,0,"1",2,0,0,2,0,0,1,2,"0",0,1,0,0,0,0,0,2,"0","0",2,0,0,"0"
"HELENA",0,0,0,0,0,0,0,1,"1",1,0,0,0,0,1,0,0,"0",0,0,0,0,1,1,1,1,"1","0",1,1,1,"0"
"BIPMED",0,1,0,1,1,0,0,0,"2",2,0,1,1,0,1,2,2,"0",0,1,0,1,0,0,0,1,"2","0",0,2,2,"1"
"HELENA",0,0,0,0,0,0,0,1,"0",2,0,0,0,0,1,1,1,"0",1,0,1,0,1,1,1,1,"2","0",0,0,0,"2"
"HELENA",0,0,0,0,0,0,0,1,"1",2,1,1,0,0,1,1,1,"0",0,0,0,0,0,0,0,2,"0","1",0,2,2,"0"
"BIPMED",0,0,0,1,1,0,1,0,"0",1,1,1,0,0,0,2,2,"0",0,1,0,0,1,1,1,2,"0","1",1,1,1,"1"
"BIPMED",1,1,1,2,2,1,0,0,"0",0,0,1,0,0,0,2,2,".",1,0,0,1,1,1,1,0,"0","1",0,1,1,"2"
"HELENA",0,1,0,2,2,1,1,0,"2",2,0,0,0,0,0,2,2,"0",0,1,1,0,0,0,1,0,"0","0",0,2,2,"2"
"BIPMED",1,1,0,1,1,0,1,0,"0",2,0,0,1,0,0,2,2,"0",1,1,0,1,1,1,1,1,"0","1",2,0,0,"2"
"BIPMED",0,1,0,0,0,0,0,0,"0",1,0,0,1,0,0,1,1,"0",0,0,0,0,0,0,0,2,"0","0",0,0,0,"0"
"HELENA",0,1,0,0,0,1,0,0,"1",2,0,0,2,0,0,2,2,"0",0,0,1,0,1,1,1,2,".","0",2,0,0,"2"
"HELENA",0,1,0,2,2,0,0,0,"1",2,0,1,0,0,0,2,2,"0",0,0,0,0,0,0,0,2,"0","0",0,2,2,"2"
"BIPMED",0,0,0,0,0,0,1,0,"0",2,1,1,0,2,0,2,2,"1",0,1,0,1,0,0,0,2,"0","0",1,0,0,"1"
"HELENA",0,0,0,1,1,0,1,0,"0",2,0,0,1,0,0,2,2,"0",0,1,0,0,1,1,1,1,"0","0",0,2,2,"2"
"BIPMED",1,1,2,0,0,0,1,0,"2",2,0,1,1,0,0,2,2,".",0,0,0,1,1,1,1,1,"1","0",1,1,1,"2"
"BIPMED",0,1,2,0,0,0,1,0,"1",2,0,1,1,0,0,2,2,".",0,0,0,1,0,0,0,1,"1","1",1,1,1,"2"
"BIPMED",1,1,0,1,1,0,0,0,"0",2,0,0,0,0,0,2,2,"0",0,0,1,0,1,1,1,1,"0","0",0,2,2,"0"
"HELENA",0,1,0,1,1,0,1,0,"1",2,0,0,1,0,0,0,0,"0",0,0,1,0,1,1,1,1,"0","0",0,2,2,"0"
"HELENA",0,0,0,2,2,0,0,0,"1",2,0,0,0,0,0,1,1,"0",0,1,0,0,0,0,0,1,"2","0",1,1,1,"1"
"HELENA",0,0,0,0,0,1,0,0,"1",2,0,0,1,0,1,2,2,"0",1,0,0,0,1,1,1,1,"0","2",2,0,0,"1"
"HELENA",0,1,0,1,1,0,1,0,"0",2,0,0,2,0,0,1,1,"0",0,1,0,1,1,1,1,1,"2","0",2,0,0,"2"
"BIPMED",0,1,0,2,2,1,0,0,"0",1,0,0,0,2,0,1,1,"0",0,0,0,1,1,1,1,0,"0","0",1,0,0,"1"
"HELENA",0,0,0,0,0,0,0,0,"1",2,0,0,0,0,0,2,2,"1",0,0,1,0,1,1,1,2,"0","0",2,0,0,"2"
"BIPMED",0,1,1,0,0,0,0,0,"1",2,0,0,0,1,0,1,1,"1",0,0,0,0,0,0,0,2,"1","0",0,1,1,"1"
"BIPMED",0,1,0,1,1,0,1,1,"0",1,0,0,0,1,0,1,1,"0",0,1,0,1,0,1,1,0,"0","1",2,0,0,"2"
"BIPMED",0,1,0,0,0,0,1,0,"0",2,0,0,0,1,0,0,0,"0",0,2,0,0,1,1,1,2,"1","0",1,1,1,"1"
"BIPMED",0,1,1,1,1,0,1,0,"0",2,0,0,0,0,1,1,1,"0",0,0,0,1,1,1,1,2,"0","1",0,0,0,"0"
"HELENA",1,1,0,1,1,1,1,0,"0",2,0,0,1,0,1,1,1,"0",0,0,1,0,1,1,1,1,"1","1",2,0,0,"2"
"HELENA",0,1,1,1,1,0,1,0,"1",2,0,0,1,0,0,2,2,"0",0,1,1,0,1,1,1,1,"1","1",1,1,1,"1"
"HELENA",0,1,0,1,1,0,0,0,"1",2,0,0,1,1,1,2,2,"0",1,0,1,0,0,0,0,2,"0","1",2,0,0,"1"
"HELENA",0,0,0,0,0,0,0,0,"0",2,0,0,2,0,1,2,2,"0",0,0,1,0,1,1,1,2,"1","0",0,0,0,"1"
"HELENA",0,1,0,0,0,0,0,0,"1",2,0,0,0,0,0,1,1,"0",0,0,0,0,0,0,0,1,"0","0",0,2,2,"2"
"BIPMED",0,1,0,1,1,0,0,0,"0",2,0,1,0,1,0,2,2,"0",1,0,0,0,1,1,1,2,"1","0",2,0,0,"1"
"HELENA",0,0,0,1,1,2,0,0,"0",2,0,0,1,0,1,2,2,"0",0,1,0,0,1,1,1,2,"0","1",0,2,2,"2"
"BIPMED",0,1,1,1,1,2,1,0,"1",2,0,0,0,0,0,1,1,"0",0,1,0,0,0,0,1,2,"1","0",1,1,1,"2"
"HELENA",0,0,1,0,0,1,0,1,"0",2,0,0,0,0,0,1,1,"0",0,0,0,0,1,1,1,2,"2","0",0,2,2,"0"
"HELENA",0,1,1,1,1,1,1,0,"0",2,0,0,0,0,0,2,2,"0",0,1,0,0,0,0,0,2,"1","0",0,2,2,"0"
"HELENA",0,1,0,1,1,0,0,1,"1",2,0,0,0,0,0,2,2,"0",0,0,1,0,1,1,1,2,"0","0",2,0,0,"0"
"HELENA",0,1,0,2,2,0,1,0,"1",2,0,1,0,0,1,1,1,"1",0,0,1,0,1,1,1,1,"0","0",0,2,2,"2"
"BIPMED",0,1,0,0,0,2,1,0,"0",2,0,1,0,0,0,1,1,"1",1,1,0,1,1,1,1,2,"0","1",1,1,1,"1"
"HELENA",0,0,0,1,1,0,0,2,"1",2,0,0,0,0,0,1,1,"0",0,1,0,0,1,1,1,2,"0","0",1,1,1,"1"
"HELENA",0,1,0,2,2,0,0,0,"2",2,0,2,0,0,0,2,1,"0",1,0,1,0,0,0,0,1,"1",".",0,2,2,"1"
"HELENA",0,0,0,0,0,0,1,0,"1",2,0,0,2,1,1,1,1,"0",0,1,0,1,1,1,1,1,"0","0",0,0,0,"0"
"BIPMED",0,1,1,0,0,0,1,0,"0",2,0,0,0,0,0,1,1,"1",1,1,0,1,1,1,1,2,"1","1",2,0,0,"1"
"BIPMED",0,0,0,0,0,1,1,0,"0",2,0,0,2,0,0,1,1,".",0,1,1,0,1,1,1,2,"0","0",2,0,0,"2"
"HELENA",0,1,0,2,2,0,0,1,"1",2,0,0,0,0,0,2,2,"1",0,0,0,1,1,1,1,1,"1","1",2,0,0,"0"
"HELENA",0,1,1,1,1,0,1,1,"1",2,0,1,1,0,1,1,1,"0",0,1,0,0,0,0,1,2,"0","0",0,2,2,"2"
"BIPMED",1,0,0,1,1,0,1,0,"0",1,0,0,0,2,0,2,2,"0",1,1,0,0,0,0,0,2,"1","0",0,1,1,"0"
"BIPMED",0,1,1,1,1,0,0,1,"0",1,0,0,1,0,0,2,2,"0",0,0,1,0,0,0,0,2,"1","1",0,2,2,"0"
"BIPMED",0,1,2,1,1,0,0,0,"0",2,0,0,0,0,0,0,0,"0",0,1,0,0,0,0,0,1,"1","0",1,0,0,"1"
"HELENA",0,0,1,1,1,0,1,0,"1",2,0,0,0,0,1,1,1,"0",1,0,1,0,1,1,1,0,"0","0",2,0,0,"2"
"BIPMED",0,1,1,1,1,0,0,0,"0",1,0,0,1,0,0,2,2,"0",0,0,0,0,1,1,1,2,"0",".",2,0,0,"1"
"BIPMED",1,1,0,1,1,0,0,0,"0",2,0,0,2,0,0,0,0,"0",0,1,0,0,1,1,1,1,"2","0",1,0,0,"2"
"BIPMED",0,1,1,0,0,0,1,0,"1",2,0,2,0,0,1,1,1,"1",0,1,1,0,1,1,1,1,"0","0",0,2,2,"0"
"BIPMED",0,0,1,1,1,0,1,0,"1",2,0,0,0,0,1,2,2,"0",0,0,0,0,1,1,1,1,"0","1",2,0,0,"2"
"HELENA",0,0,0,0,0,0,0,0,"1",2,0,0,0,0,0,2,2,"0",0,0,0,0,0,0,0,2,"0","0",0,1,1,"2"
"BIPMED",0,1,0,0,0,0,1,0,"1",2,0,0,0,0,0,2,2,"0",0,1,1,0,1,1,1,1,"0","0",0,2,2,"0"
"HELENA",0,0,0,2,2,0,1,0,"1",1,0,1,1,0,0,1,1,"1",0,1,0,0,1,1,1,1,"0","0",2,0,0,"0"
"BIPMED",1,1,0,0,0,1,0,1,"1",2,0,0,0,1,0,1,1,"0",0,2,0,0,1,1,1,2,"1","1",2,0,0,"2"
"BIPMED",1,1,1,0,0,0,1,0,"1",1,0,0,1,0,0,1,1,"0",1,1,1,0,1,1,1,2,"0","0",2,0,0,"2"
"HELENA",0,1,1,0,0,0,0,0,"0",2,0,0,0,0,0,1,1,"0",0,0,0,0,0,0,0,1,"0","0",0,2,2,"2"
"BIPMED",0,1,1,1,1,0,1,0,"0",1,0,0,2,0,1,1,1,"0",0,2,1,0,0,0,0,2,"0","0",2,0,0,"2"
"BIPMED",0,1,0,1,1,0,1,0,"0",1,0,0,0,0,0,0,0,"0",0,1,0,0,1,1,1,2,"0","0",0,0,0,"2"
"BIPMED",1,1,0,0,0,0,1,0,"0",2,0,0,1,1,0,0,0,"0",0,1,0,1,1,1,1,1,"1","0",2,0,0,"1"
"BIPMED",1,0,1,0,0,0,0,1,"0",1,1,1,2,0,0,1,1,"0",0,1,0,0,1,1,1,2,"0","0",1,1,1,"1"
"BIPMED",0,1,1,0,0,0,1,0,"0",1,0,1,0,1,0,2,2,"0",0,1,0,1,1,1,1,1,"1","0",0,1,1,"."
"BIPMED",0,1,0,0,0,0,1,0,"0",2,0,0,0,0,0,2,2,"1",0,1,0,0,0,0,0,2,"0","0",2,0,0,"0"
"BIPMED",0,1,0,1,1,2,0,0,"1",2,1,1,0,1,0,2,2,"0",0,0,0,0,1,1,1,1,"1","0",1,0,0,"1"
"BIPMED",0,1,0,0,0,1,0,0,"0",2,0,0,1,0,0,1,1,"0",0,0,0,1,1,1,1,2,"1","0",0,0,0,"0"
"HELENA",0,0,0,0,0,0,0,0,"0",1,0,0,1,0,0,1,1,"0",0,0,0,0,0,0,0,2,".","0",0,2,2,"0"
"BIPMED",0,1,1,0,0,0,0,0,"0",2,0,2,2,0,1,2,2,"0",1,0,0,0,1,1,1,2,"1","0",0,1,1,"1"
"BIPMED",0,1,1,0,0,0,1,0,"1",2,1,2,1,1,0,1,1,"0",0,1,0,0,1,1,1,2,"2","0",2,0,0,"0"
"BIPMED",0,1,0,0,0,1,1,2,"0",2,0,0,0,0,0,1,1,"0",1,0,0,0,1,1,1,2,"2","0",1,1,1,"0"
"BIPMED",0,1,1,0,0,0,0,0,"1",2,0,0,1,0,0,2,2,"0",0,1,0,0,1,1,1,2,"0","0",2,0,0,"2"
"BIPMED",0,1,0,0,0,0,0,0,"1",1,0,0,0,1,0,2,2,"0",0,1,0,0,1,1,1,2,"1","1",2,0,0,"2"
"HELENA",1,1,0,0,0,0,0,0,"0",2,0,0,1,0,0,2,2,"0",0,0,0,0,0,0,0,0,"1","0",1,1,1,"1"
"BIPMED",0,1,0,0,0,0,1,0,"0",2,0,0,0,0,1,2,2,"1",0,0,0,1,0,0,0,2,"0","0",0,1,1,"1"
"BIPMED",0,1,0,0,0,1,1,0,"0",1,0,0,1,0,1,0,0,"0",0,0,0,1,1,1,1,2,"1","0",2,0,0,"0"
"BIPMED",0,1,2,1,1,1,1,0,"0",2,0,0,0,1,0,1,1,"0",0,2,1,1,0,0,1,1,"0","0",2,0,0,"1"
"BIPMED",0,1,0,1,1,0,1,0,"0",2,0,0,1,0,0,2,2,"0",0,0,1,0,0,0,0,1,"0","0",0,2,2,"0"
"HELENA",0,1,0,1,1,0,1,0,"0",2,0,0,2,0,0,2,2,"0",0,0,1,1,1,1,1,2,"1","0",2,0,0,"2"
"HELENA",0,0,0,1,1,1,0,0,"0",1,0,0,1,0,0,2,2,"0",1,1,1,0,1,1,1,1,"0","0",0,1,1,"2"
"BIPMED",0,1,0,1,1,1,1,0,"0",2,1,1,1,0,0,2,2,"0",0,1,0,0,1,1,1,1,"0","0",1,1,1,"1"
"BIPMED",0,1,0,0,0,0,1,0,"0",2,0,0,0,0,0,1,1,"0",0,2,0,1,1,1,1,1,"0","0",0,2,2,"2"
"BIPMED",0,1,1,0,0,0,1,0,"0",2,0,0,0,0,0,1,1,".",1,1,0,0,0,0,0,1,"0","1",2,0,0,"0"
"BIPMED",0,1,0,0,0,1,0,0,"0",2,0,0,1,0,0,1,1,".",0,1,0,0,1,1,1,2,"1","0",2,0,0,"2"
"BIPMED",0,1,0,1,1,1,1,0,"0",2,1,1,1,0,0,1,1,"0",1,1,0,1,1,1,1,2,"1","0",1,1,1,"1"
"HELENA",0,1,1,2,2,0,0,1,"0",2,0,0,0,0,0,0,0,"0",0,0,0,0,1,1,1,2,"0","0",2,0,0,"0"
"BIPMED",0,1,0,0,0,1,1,0,"0",1,0,0,0,0,0,0,0,"0",1,1,0,0,1,1,1,2,"0","0",0,2,2,"0"
"BIPMED",0,1,0,0,0,0,0,0,"0",1,0,0,0,0,0,1,1,"1",1,0,1,1,1,1,1,2,"1","0",2,0,0,"2"
"HELENA",0,0,0,0,0,0,0,0,"0",2,0,0,1,0,1,1,1,"0",0,0,0,0,1,1,1,2,"2","0",1,0,0,"2"
"BIPMED",0,1,0,1,1,0,1,1,"0",2,0,0,1,1,0,2,2,"0",0,0,0,1,1,1,1,2,"1","1",1,1,1,"1"
"BIPMED",0,1,0,1,1,0,1,0,"1",1,0,0,1,0,0,2,2,"0",1,1,0,0,1,1,1,1,"1","0",0,2,2,"2"
"BIPMED",0,1,1,0,0,1,0,0,"1",2,0,0,0,0,0,1,1,".",0,1,0,0,1,1,1,2,"1","0",2,0,0,"0"
"BIPMED",0,1,1,1,1,0,0,0,"1",2,0,0,1,0,0,2,2,"0",1,0,0,0,1,1,1,2,"0","0",1,1,1,"0"
"HELENA",0,0,0,0,0,0,0,0,"0",2,1,1,0,0,0,1,1,"1",0,1,0,0,1,1,1,2,"0","0",2,0,0,"1"
"BIPMED",0,1,0,1,1,1,1,0,"0",2,1,1,0,0,0,1,1,"0",0,1,0,0,0,0,0,2,"1","0",2,0,0,"2"
"BIPMED",0,1,0,0,0,0,1,0,"0",1,0,1,0,0,0,0,0,".",0,0,0,1,0,0,0,1,"0","0",2,0,0,"2"
"HELENA",0,1,0,0,0,0,0,0,"1",2,0,0,0,0,0,2,2,"0",1,0,0,0,0,0,0,1,"0","0",2,0,0,"2"
"BIPMED",0,1,1,0,0,1,0,0,"0",2,0,0,0,0,0,1,1,".",0,0,1,1,1,1,1,1,"0","1",1,0,0,"2"
"HELENA",0,1,0,1,1,2,0,0,"0",2,0,0,0,0,0,1,1,"0",0,2,0,0,1,1,1,2,"0","0",0,1,1,"1"
"HELENA",0,1,0,0,0,0,1,0,"1",2,0,0,0,1,0,2,2,"0",2,0,0,0,0,0,0,1,"0","0",0,2,2,"0"
"BIPMED",0,1,1,1,1,0,1,0,"1",2,0,2,0,0,2,2,2,".",0,1,1,1,1,1,1,2,"0","0",0,2,2,"0"
"BIPMED",0,1,1,1,1,2,1,0,"1",2,0,0,1,0,0,1,1,"0",0,1,0,0,1,1,1,1,"1","0",2,0,0,"1"
"BIPMED",0,1,0,1,1,0,1,0,"0",1,0,0,1,1,0,0,0,"0",0,0,1,0,1,1,1,2,"0","0",1,1,1,"1"
"BIPMED",0,1,0,2,2,0,1,0,"2",2,0,0,1,0,0,2,2,"0",0,1,0,0,1,1,1,1,"0","0",0,1,1,"1"
"BIPMED",1,1,0,1,1,1,1,0,"0",0,0,0,0,1,0,2,2,"0",0,1,0,0,1,1,1,0,"0",".",2,0,0,"0"
"HELENA",0,0,0,2,2,0,1,0,"0",2,0,0,1,0,0,2,2,"0",0,0,1,0,0,0,1,1,"2","0",0,2,2,"0"
"BIPMED",0,1,0,0,0,1,1,0,"0",1,0,0,0,0,1,2,2,"0",0,1,0,1,1,0,0,1,"0","1",2,0,0,"2"
"BIPMED",0,1,1,2,2,0,0,0,"0",2,1,1,1,0,0,2,2,"0",1,0,0,0,1,1,1,1,"1","0",1,1,1,"1"
"BIPMED",0,1,0,0,0,1,0,0,"0",2,0,0,0,2,0,1,1,".",0,0,0,1,1,1,1,2,"0","1",1,0,0,"2"
"BIPMED",1,1,1,1,1,1,0,0,"0",1,0,1,1,0,0,1,1,"0",0,0,0,0,1,1,1,2,"1","0",2,0,0,"1"
"HELENA",0,1,1,1,1,1,1,1,"0",2,0,0,1,0,0,1,1,"0",0,1,0,1,1,1,1,2,"0","0",0,1,1,"0"
"BIPMED",0,1,0,1,1,1,0,0,"0",2,0,0,0,0,1,1,1,"0",0,0,0,0,1,1,1,0,"2","0",2,0,0,"0"
"BIPMED",0,1,0,0,0,0,1,0,"1",2,0,0,1,1,0,0,0,"0",1,1,0,1,1,1,1,1,"1","1",2,0,0,"0"
"BIPMED",0,1,1,0,0,0,0,0,"0",2,0,1,1,1,0,2,2,"1",1,1,0,0,1,1,1,2,"1","0",1,1,1,"1"
"HELENA",0,1,0,0,0,1,1,0,"0",2,0,0,0,1,0,2,2,"0",0,0,1,1,1,1,1,2,"0","0",2,0,0,"0"
"BIPMED",0,1,0,0,0,1,0,0,"0",2,0,0,1,0,1,2,2,"0",0,0,0,0,1,1,1,2,"0","0",1,0,0,"1"
"HELENA",0,1,0,0,0,0,0,0,"2",2,0,1,0,0,1,2,2,"0",0,0,1,0,1,1,1,2,"0","0",0,2,2,"2"
"BIPMED",1,,1,0,0,1,1,0,"0",1,0,0,1,0,0,1,1,"0",1,1,0,0,0,0,0,2,"0","0",2,0,0,"2"
"HELENA",0,1,1,0,0,1,1,0,"0",1,1,1,1,0,0,2,2,"0",0,0,0,0,1,1,1,2,"1","0",1,1,1,"0"
"HELENA",0,1,0,1,1,0,0,1,"1",2,0,0,1,0,0,1,1,"0",0,0,0,0,0,0,0,1,"0","0",2,0,0,"2"
"BIPMED",0,1,1,0,0,0,0,0,"0",1,0,0,1,0,1,1,1,"0",0,0,0,0,1,1,1,2,"1","0",1,1,1,"0"
"BIPMED",0,1,2,2,2,2,1,0,"1",1,1,1,0,0,0,2,2,"0",0,0,1,0,1,1,1,2,"0","1",0,2,2,"0"
"BIPMED",0,1,0,0,0,0,0,0,"1",1,0,0,0,0,0,1,1,".",2,0,1,0,0,0,0,1,"0","0",0,2,2,"2"
"BIPMED",0,1,0,1,1,0,1,0,"0",2,0,1,1,0,0,2,2,".",0,0,0,0,1,1,1,2,"0","0",0,2,2,"0"
"BIPMED",0,1,0,0,0,0,1,0,"0",1,0,0,0,0,1,1,1,"0",0,0,0,0,1,1,1,2,"0","0",1,0,0,"1"
"BIPMED",0,1,1,1,1,0,1,0,"0",2,0,0,1,1,0,1,1,"1",0,0,0,0,1,1,1,2,"1","1",1,1,1,"0"
"BIPMED",1,1,1,1,1,0,0,0,"0",0,0,0,2,1,0,1,1,"0",0,1,0,0,0,0,0,2,"0","1",0,1,1,"0"
"HELENA",0,0,0,0,0,0,0,0,"0",2,0,0,1,1,0,2,2,"0",0,0,0,0,1,1,1,2,"0","0",0,2,2,"2"
"BIPMED",0,1,1,0,0,1,1,0,"1",2,0,0,1,0,0,0,0,"0",0,0,0,0,1,1,1,2,"1","1",1,1,1,"1"
"BIPMED",0,1,0,1,1,0,0,0,"0",2,0,0,1,0,0,1,1,"0",1,0,0,0,1,1,1,1,"0","0",1,0,0,"1"
"BIPMED",0,0,1,0,0,2,1,0,"1",1,0,0,0,1,0,1,1,"0",0,1,0,0,1,1,1,2,"0","0",2,0,0,"2"
"HELENA",0,0,0,1,1,0,1,0,"1",2,0,0,0,0,0,2,2,"0",0,1,0,0,0,0,0,1,"0","0",2,0,0,"2"
"BIPMED",0,1,1,0,0,0,0,0,"0",1,1,2,0,0,0,1,1,"0",0,0,0,0,1,1,1,2,"1","1",0,1,1,"1"
"BIPMED",0,1,0,0,0,1,1,0,"0",2,0,0,1,2,0,2,2,".",0,0,1,1,1,1,1,2,"0","0",0,2,2,"0"
"BIPMED",0,2,2,0,0,0,0,0,"0",2,0,0,2,2,0,2,2,"1",0,0,0,1,1,1,1,2,"1","0",2,0,0,"2"
"BIPMED",1,1,2,1,1,1,1,0,"0",2,0,0,1,0,0,0,0,"1",0,0,0,0,1,1,1,2,"1","0",2,0,0,"2"
"BIPMED",0,1,0,1,1,0,1,0,"1",2,0,0,1,1,0,1,1,"0",0,0,1,1,0,0,0,2,"0","0",0,2,2,"0"
"BIPMED",1,1,0,0,0,1,1,0,"1",1,1,1,0,0,0,2,2,".",0,0,0,0,1,1,1,1,"1","0",0,2,2,"0"
"BIPMED",0,1,0,0,0,0,1,0,"0",2,0,0,0,0,1,1,1,"0",1,1,0,0,1,1,1,1,"0","0",1,1,1,"1"
"BIPMED",0,1,0,2,2,0,1,0,"1",2,0,2,1,0,0,1,1,"1",0,1,2,1,1,1,1,0,"0","1",0,1,1,"1"
"HELENA",0,1,1,0,0,0,0,0,"1",2,0,0,1,0,0,1,1,"0",1,1,0,0,0,0,0,0,"2","0",2,0,0,"2"
"BIPMED",0,1,1,0,0,1,1,0,"1",2,0,0,1,1,0,1,1,".",0,0,0,0,1,1,1,2,"0","0",0,0,0,"0"
"HELENA",0,0,1,0,0,1,0,0,"0",2,0,0,0,0,0,1,1,"0",0,0,0,0,1,1,1,2,"0","0",0,0,0,"0"
"BIPMED",0,1,0,2,2,0,1,0,"0",1,0,0,0,0,0,2,2,"1",0,1,0,0,1,1,1,2,"1","1",2,0,0,"1"
"HELENA",0,0,1,0,0,0,0,0,".",2,0,0,2,0,1,2,2,"0",0,,0,0,1,1,1,2,"0","1",2,0,0,"2"
"BIPMED",1,1,0,0,0,1,1,1,"1",2,0,1,0,0,1,2,2,".",2,1,1,0,1,1,1,1,"1","1",2,0,0,"2"
"BIPMED",1,1,0,1,1,0,0,0,"1",2,1,1,0,0,0,1,1,"0",1,1,0,0,0,0,0,2,"0","0",1,1,1,"1"
"BIPMED",1,0,0,0,0,0,0,0,"1",2,0,0,0,0,0,0,0,"0",0,2,0,0,0,0,0,2,"0","1",0,2,2,"0"
"BIPMED",1,1,0,0,0,1,0,0,"0",2,0,0,0,1,0,1,1,"0",0,2,0,1,1,1,1,2,"1","0",2,0,0,"0"
"BIPMED",0,1,0,0,0,1,1,0,"0",2,0,0,1,0,0,1,1,"0",0,1,0,0,1,1,1,1,"0","1",2,0,0,"2"
"HELENA",0,1,0,2,2,0,0,0,"1",2,0,0,1,0,1,1,1,"0",0,0,1,0,0,0,0,1,"1","0",0,2,2,"0"
"BIPMED",0,1,1,1,1,1,0,0,"0",2,0,0,0,0,1,1,2,".",1,1,0,1,1,1,1,2,"1","0",2,0,0,"0"
"BIPMED",0,1,1,0,0,1,1,0,"0",2,0,0,0,0,0,2,2,"0",0,0,0,0,1,1,1,1,"0","0",2,0,0,"0"
"BIPMED",0,1,0,0,0,0,0,0,"0",2,0,0,0,0,2,1,1,"0",0,0,0,0,0,0,0,2,"0","1",0,2,2,"2"
"HELENA",0,1,0,0,0,1,1,0,"2",2,0,0,0,0,0,2,1,"0",0,0,0,1,1,1,1,1,"0","0",1,1,1,"0"
"HELENA",0,1,1,0,0,0,0,0,"0",1,0,0,1,0,1,0,0,"0",1,0,0,0,0,0,0,2,"0","0",2,0,0,"2"
"HELENA",0,0,0,0,0,1,0,0,"1",2,0,1,0,0,1,2,2,"0",1,0,1,0,0,0,0,1,"1","0",0,2,2,"2"
"HELENA",0,1,0,2,2,1,0,0,"0",2,0,1,1,0,0,2,2,"0",0,0,1,0,0,0,0,2,"0","0",0,0,0,"0"
"BIPMED",0,0,0,0,0,1,1,0,"0",1,1,1,0,0,1,1,1,".",0,0,1,0,1,1,1,1,"2","0",1,0,0,"1"
"BIPMED",1,1,0,1,1,0,0,0,"0",2,0,0,0,1,0,0,0,"0",1,0,0,0,1,1,1,2,"0","0",0,0,0,"0"
"BIPMED",0,1,0,2,2,0,1,0,"0",2,1,1,1,0,1,2,2,"0",1,0,0,1,1,1,1,2,"0","1",2,0,0,"0"
"BIPMED",0,0,0,0,0,0,0,0,"0",1,0,0,0,0,0,1,1,"0",0,0,1,0,1,1,1,2,"0","1",0,1,1,"1"
"BIPMED",0,1,1,0,0,0,0,0,"0",1,0,1,0,1,0,1,1,"1",0,1,0,0,1,1,1,1,"1","0",1,0,0,"1"
"BIPMED",0,0,0,1,1,0,1,1,"0",0,0,0,0,1,0,2,2,"0",0,1,0,0,1,1,1,2,"0","0",2,0,0,"0"
"BIPMED",0,0,0,0,0,0,1,0,"0",2,0,0,0,1,0,0,0,"0",1,1,0,0,1,1,1,2,"2","0",0,2,2,"0"
"BIPMED",0,1,0,0,0,1,0,1,"0",1,0,0,1,0,0,2,2,".",1,0,0,1,1,1,1,2,"1","0",2,0,0,"0"
"BIPMED",0,1,0,0,0,0,0,0,"0",1,0,0,1,0,0,1,1,"1",1,1,0,1,1,1,1,2,"0","0",1,1,1,"2"
"BIPMED",1,1,1,0,0,0,0,1,"0",1,0,0,1,0,1,2,2,"0",2,1,1,0,1,1,1,2,"1","0",0,2,2,"1"
"BIPMED",0,1,0,0,0,1,0,0,"1",1,0,0,0,0,0,2,2,"0",1,2,1,1,1,1,1,2,"0","0",1,1,1,"0"
"BIPMED",0,1,0,0,0,2,0,0,"0",2,0,1,1,1,0,2,2,"1",0,2,0,1,1,1,1,0,"1","1",0,0,0,"0"
"BIPMED",0,1,1,0,0,0,0,0,"1",2,0,0,0,0,0,1,1,"0",0,2,0,1,1,1,1,2,"1","0",1,0,0,"1"
"BIPMED",0,1,1,1,1,1,1,0,"0",1,1,1,0,0,0,0,0,"0",0,1,0,0,0,0,0,2,"1","0",2,0,0,"0"
"BIPMED",0,0,0,1,1,0,1,0,"0",2,1,1,1,0,0,1,1,"0",0,0,1,1,1,1,1,2,"0","0",2,0,0,"2"
"BIPMED",0,1,0,1,1,0,0,0,"0",1,1,1,0,0,0,2,2,"0",1,0,0,1,0,0,0,1,"1","0",0,2,2,"0"
"HELENA",0,0,0,1,1,0,1,0,"1",2,0,0,1,0,1,1,2,"0",0,0,1,0,0,0,0,2,"0","0",1,0,0,"2"
"BIPMED",0,0,1,0,0,1,1,0,"0",1,1,1,0,1,1,1,1,"0",2,1,0,0,0,0,0,1,"1","0",2,0,0,"0"
"BIPMED",0,1,0,0,0,1,0,0,"0",2,0,0,0,0,0,1,1,"0",0,0,0,1,1,1,1,2,"0","1",1,1,1,"1"
"HELENA",0,0,0,1,1,0,0,0,"0",2,0,0,0,1,0,2,2,"0",0,0,0,0,1,1,1,1,"1","0",0,2,2,"0"
"HELENA",0,1,0,0,0,0,0,0,"1",2,0,0,0,0,1,2,2,"0",0,0,0,0,1,1,1,2,"0","0",1,1,1,"2"
"HELENA",0,0,0,1,1,0,1,0,"1",2,0,0,1,0,0,2,2,"0",1,1,0,1,0,0,0,0,"1","0",2,0,0,"2"
"BIPMED",1,1,0,0,0,1,0,0,"0",2,1,1,0,0,0,1,1,"0",0,0,0,0,0,0,0,2,"1","0",0,0,0,"2"
"BIPMED",1,1,0,1,1,0,1,0,"0",2,0,0,1,1,0,1,1,"1",1,0,0,1,1,1,1,1,"0","0",0,0,0,"0"
"HELENA",0,0,0,1,1,0,1,0,"0",2,0,1,1,0,1,2,2,"0",0,1,0,0,1,0,0,0,"0","1",0,2,2,"2"
"BIPMED",0,1,1,0,0,2,1,0,"0",0,0,0,1,0,1,1,1,"1",0,0,0,1,1,1,1,2,"0","0",0,2,2,"0"
"BIPMED",1,1,1,0,0,0,0,0,"0",1,0,0,1,1,0,1,1,"0",0,2,0,1,1,1,1,2,"1","0",2,0,0,"1"
"BIPMED",0,1,0,1,1,1,1,0,"0",2,0,0,1,1,0,1,1,"1",0,1,0,1,1,1,1,2,"0","1",2,0,0,"2"
"BIPMED",0,1,0,1,1,0,1,0,"0",1,0,1,0,1,0,1,1,"1",2,2,0,1,1,1,1,1,"0","0",0,2,2,"1"
"HELENA",0,0,0,1,1,0,1,0,"1",2,0,0,1,0,0,2,2,"0",0,0,0,0,1,1,1,2,"0","0",0,0,2,"0"
"BIPMED",0,1,1,1,1,0,1,0,"1",1,1,1,0,0,0,2,2,"0",0,1,0,0,1,1,1,1,"1","0",2,0,0,"2"
"BIPMED",0,0,0,1,1,0,1,0,"0",2,0,0,0,1,0,1,1,"0",1,1,0,0,1,1,1,2,"0","0",0,1,1,"0"
"HELENA",0,1,1,1,1,2,1,0,"0",2,0,0,2,0,1,2,2,"0",0,1,0,0,1,1,1,1,"0","0",1,1,1,"1"
"BIPMED",0,1,0,0,0,0,0,0,"0",2,0,0,1,0,0,1,1,"0",0,0,0,1,0,0,0,2,"1","1",1,0,0,"1"
"BIPMED",0,1,0,0,0,2,0,0,"0",2,0,0,1,2,1,2,2,".",0,2,0,0,1,1,1,1,"0","0",2,0,0,"0"
"BIPMED",0,1,2,0,0,0,0,0,"0",2,1,1,0,0,0,2,2,".",1,0,0,0,1,1,1,2,"1","0",2,0,0,"0"
"BIPMED",0,1,0,1,1,0,1,0,"1",2,0,0,1,0,0,1,1,"0",1,0,0,1,0,0,0,2,"0","2",0,2,2,"2"
"BIPMED",0,1,0,1,1,1,0,0,"0",2,0,0,1,0,0,1,1,"1",0,1,0,0,0,0,0,2,"0","0",0,1,1,"1"
"BIPMED",0,1,0,0,0,0,0,0,"0",2,1,1,0,0,0,1,1,"0",1,1,1,0,1,1,1,2,"2","0",0,0,0,"2"
"BIPMED",0,1,0,2,2,2,0,0,"1",2,0,0,0,0,0,1,1,"1",1,1,0,0,1,1,1,1,"0","0",1,1,1,"1"
"BIPMED",0,1,1,2,2,0,1,0,"0",1,0,1,0,0,1,1,1,"0",1,1,0,1,1,1,1,2,"1","1",0,2,2,"0"
"BIPMED",0,0,0,1,1,1,1,0,"0",2,0,0,1,0,0,0,0,"0",0,0,0,0,1,1,1,0,"1","0",2,0,0,"0"
"BIPMED",0,1,0,1,1,1,1,0,"0",2,0,0,1,1,0,1,1,"1",0,1,0,0,1,1,1,0,"1","1",2,0,0,"0"
"BIPMED",1,0,0,1,1,1,1,0,"0",2,0,0,1,0,0,1,1,"0",0,1,0,0,1,1,1,2,"0","0",0,0,0,"2"
"HELENA",0,1,0,2,2,0,0,0,"0",1,0,0,1,1,1,0,0,"0",0,0,1,0,0,0,0,2,"0","0",2,0,0,"0"
"BIPMED",0,1,0,0,0,1,0,0,"0",2,0,0,0,0,0,1,1,"1",1,2,1,1,1,1,1,1,"1","0",2,0,0,"0"
"BIPMED",0,1,1,1,1,1,1,1,"0",2,0,0,1,0,1,2,2,"0",1,1,1,1,1,1,1,1,"2","0",0,2,2,"1"
"BIPMED",0,0,0,0,0,0,1,0,"0",2,0,0,0,0,0,1,1,".",0,2,0,1,0,0,0,2,"0","0",2,0,0,"0"
"BIPMED",1,1,1,0,0,0,1,0,"0",1,0,0,1,1,0,1,1,"0",0,0,0,0,1,1,1,2,"0","0",2,0,0,"0"
"BIPMED",0,1,0,1,1,2,1,0,"0",1,0,0,1,1,0,0,0,"1",0,2,0,1,1,1,1,1,"1","1",0,2,2,"0"
"HELENA",0,1,0,2,2,0,1,1,"0",2,0,0,0,1,0,1,1,"0",0,0,0,0,0,0,0,1,"0","0",0,2,2,"2"
"HELENA",0,1,0,2,2,1,0,1,"1",2,1,0,0,0,1,2,2,"0",0,0,1,1,1,1,1,2,"0","0",2,0,0,"0"
"BIPMED",0,1,0,2,2,0,1,0,"1",2,0,0,1,0,0,2,2,"0",1,2,0,0,1,1,1,0,"0","0",0,2,2,"1"
"HELENA",0,0,0,0,0,0,0,1,"0",2,0,0,2,0,1,1,1,"0",0,0,1,0,1,1,1,1,"0","0",1,1,1,"0"
"BIPMED",0,1,2,1,1,1,1,0,"0",2,0,0,0,1,0,1,1,".",1,1,0,1,1,1,1,1,"1","0",2,0,0,"2"
"BIPMED",0,1,1,0,0,1,1,0,"0",2,0,0,2,1,0,2,2,"0",0,0,0,1,1,1,1,1,"0","1",2,0,0,"1"
"BIPMED",0,1,0,2,2,1,1,0,"0",2,1,1,1,0,0,2,2,".",0,0,0,0,1,1,1,2,"0","0",1,1,1,"1"
"HELENA",0,0,1,0,0,0,0,0,"0",2,0,0,0,0,0,1,1,"0",0,0,0,0,1,1,1,1,"0","0",0,2,2,"2"
"HELENA",0,1,1,0,0,0,0,0,"0",2,0,0,2,0,0,0,0,"0",0,0,0,0,0,0,0,2,"0","0",0,2,2,"0"
"BIPMED",0,1,0,1,1,0,0,0,"0",2,0,0,1,1,1,2,2,".",1,2,0,1,1,1,1,2,"0","0",2,0,0,"0"
"BIPMED",1,0,2,0,0,0,1,0,"0",2,0,0,1,0,0,1,1,"1",0,2,1,0,1,1,1,1,"0","0",2,0,0,"1"
"BIPMED",0,0,0,1,1,0,1,0,"0",2,0,0,1,0,0,2,2,"0",0,1,0,0,1,1,1,2,"1","0",1,1,1,"0"
"HELENA",0,1,0,1,1,0,0,0,"0",2,0,1,0,0,1,2,2,"1",0,1,1,0,1,1,1,1,"0","0",1,1,1,"1"
"BIPMED",0,1,0,0,0,1,1,0,"0",2,1,1,1,0,0,1,1,"1",1,0,0,0,1,1,1,1,"0","0",2,0,0,"0"
"BIPMED",0,1,0,0,0,0,1,0,"1",1,0,1,1,0,0,2,2,"0",0,2,0,0,0,0,0,2,"1","1",0,1,1,"2"
"BIPMED",0,1,1,0,0,0,1,0,"0",2,0,0,0,0,0,0,0,"0",0,0,0,0,0,0,0,2,"0","0",2,0,0,"2"
"HELENA",0,0,0,1,1,0,0,0,"0",2,0,0,1,0,0,2,2,"0",1,0,0,0,0,0,0,1,"0","0",2,0,0,"1"
"BIPMED",0,1,0,0,0,1,1,0,"0",2,0,0,1,0,0,2,2,"0",1,1,0,1,1,1,1,2,"1","0",1,1,1,"1"
"HELENA",0,0,1,0,0,0,0,2,"0",1,0,0,2,0,0,1,1,"0",0,0,0,0,1,1,1,0,"0","0",1,1,1,"2"
"BIPMED",0,1,1,0,0,0,1,0,"0",2,0,0,0,0,1,2,2,"0",0,0,0,1,1,1,1,2,"1","0",2,0,0,"2"
"BIPMED",0,1,1,1,1,0,1,0,"0",2,0,2,0,0,0,1,1,"0",1,1,0,0,1,1,1,0,"0","0",1,1,1,"1"
"BIPMED",0,1,0,0,0,2,0,0,"0",2,0,1,0,1,0,2,2,"1",1,1,0,1,0,0,0,1,"0","0",1,1,1,"1"
"BIPMED",0,1,0,1,1,0,1,0,"0",2,0,0,0,0,0,2,2,"0",0,0,1,0,0,0,0,2,"0","1",1,0,0,"0"
"BIPMED",0,0,1,2,2,1,1,0,"2",2,0,1,0,0,0,0,0,"0",1,0,0,1,1,1,1,2,"2","0",1,1,1,"1"
"BIPMED",0,1,0,1,1,1,1,0,"0",0,0,0,0,0,1,1,1,"0",0,1,1,1,1,1,1,2,"0","0",2,0,0,"1"
"BIPMED",0,0,0,2,2,0,0,0,"0",2,0,1,0,0,0,2,2,"1",0,2,0,1,1,1,1,0,"1","0",1,1,1,"1"
"BIPMED",0,1,0,0,0,1,0,0,"0",2,0,0,1,0,1,0,0,".",1,1,0,0,1,1,1,1,"0","1",1,1,1,"0"
"HELENA",0,0,0,1,1,0,0,0,"0",2,0,1,0,0,0,2,2,"0",0,0,0,0,1,1,1,2,"0","0",0,2,2,"2"
"BIPMED",1,0,1,0,0,1,0,0,"0",1,0,0,0,1,0,2,2,"1",0,2,0,0,1,1,1,2,"1","0",2,0,0,"0"
"BIPMED",1,1,1,1,1,0,1,0,"1",2,0,1,0,0,0,2,2,"0",1,0,0,0,1,1,1,0,"1","0",0,1,1,"1"
"BIPMED",0,1,1,0,0,0,1,0,"0",2,0,0,1,0,0,0,0,".",0,1,0,0,0,0,0,2,"2","0",0,1,1,"0"
"BIPMED",0,1,0,0,0,1,0,0,"0",2,0,0,0,1,0,1,1,"0",0,0,0,1,1,1,1,2,"1","0",0,0,0,"0"
"BIPMED",0,1,0,1,1,0,1,0,"0",2,0,0,0,1,0,1,1,"0",0,1,0,0,1,1,1,2,"2","1",0,2,2,"0"
"BIPMED",0,1,0,2,2,0,0,0,"1",2,1,2,1,0,1,2,2,"1",1,0,0,0,1,1,1,2,"0","1",2,0,0,"1"
"BIPMED",0,1,0,2,2,0,0,1,"1",2,0,2,0,0,0,1,2,"0",1,1,1,1,1,1,1,2,"0","1",0,2,2,"1"
"BIPMED",0,1,1,0,0,0,0,1,"0",2,0,1,0,0,0,1,1,"1",0,0,1,1,1,1,1,2,"0","0",0,1,1,"1"
"BIPMED",0,1,0,2,2,0,1,0,"0",2,0,0,1,0,0,1,1,"0",0,1,0,1,1,1,1,1,"0","0",0,2,2,"1"
"HELENA",0,0,0,0,0,0,0,0,"0",1,1,1,0,0,2,1,1,"0",0,0,0,0,0,0,0,2,"0","0",0,2,2,"0"
"BIPMED",0,0,0,0,0,1,0,0,"0",2,1,1,1,1,1,1,1,"0",1,1,0,0,0,0,0,1,"1","0",0,1,1,"0"
"BIPMED",0,1,0,0,0,0,0,0,"0",2,1,1,0,0,0,2,2,"0",0,1,1,0,0,0,0,2,"1","0",2,0,0,"2"
"HELENA",0,0,0,2,2,0,1,0,"0",2,0,0,2,0,0,2,2,"0",0,1,0,0,1,1,1,0,"2","0",2,0,0,"2"
"BIPMED",0,1,0,0,0,2,1,0,"0",2,0,1,0,0,0,1,1,"0",1,1,0,0,1,1,1,2,"0","1",1,1,1,"1"
"HELENA",0,1,0,1,1,0,1,0,"0",2,0,1,2,0,0,1,1,"0",0,0,0,0,0,0,0,1,"0","0",0,1,1,"1"
"HELENA",0,0,0,0,0,1,0,0,"1",2,0,0,1,0,2,1,1,"0",0,1,2,0,1,1,0,1,"0","0",0,2,2,"2"
"BIPMED",1,1,0,1,1,1,1,0,"0",1,1,1,0,0,0,1,1,"1",1,0,0,0,1,1,1,2,"0","0",1,0,0,"0"
"BIPMED",0,1,0,1,1,1,0,0,"1",2,1,1,0,0,0,1,1,"0",0,1,0,0,1,1,1,1,"0","0",2,0,0,"1"
"BIPMED",0,1,0,0,0,1,1,0,"1",2,0,0,1,0,0,1,1,"0",0,0,0,0,0,0,0,1,"0","0",1,1,1,"0"
"BIPMED",0,1,0,1,1,2,1,0,"1",2,1,1,0,0,0,1,1,"0",0,2,1,0,0,1,1,2,"0","0",0,1,1,"1"
"BIPMED",0,1,2,0,0,0,1,0,"0",1,0,0,0,1,0,2,2,"0",0,0,0,0,1,1,1,2,"0","0",2,0,0,"0"
"BIPMED",1,1,0,0,0,0,0,0,"0",2,0,1,0,0,0,2,2,"0",0,0,0,1,1,1,1,1,"1","1",2,0,0,"1"
"BIPMED",1,1,0,1,1,0,1,1,"0",2,0,2,0,1,1,1,1,"0",0,0,0,0,1,1,1,1,"1","0",0,2,2,"2"
"BIPMED",0,1,0,0,0,0,1,0,"0",2,1,1,1,0,0,0,0,"0",2,1,0,0,1,1,1,2,"0","1",0,1,1,"0"
"HELENA",0,0,0,1,1,0,1,0,"2",2,0,1,1,0,1,2,2,"0",1,0,0,1,1,1,1,1,"0","0",0,2,2,"0"
"BIPMED",0,0,0,1,1,0,1,0,"0",1,0,1,1,0,0,1,1,"1",0,1,0,0,1,1,1,2,"2","0",2,0,0,"2"
"BIPMED",0,1,0,1,1,0,1,0,"1",2,0,0,0,0,0,2,2,"0",0,1,0,1,1,1,1,2,"0","1",2,0,0,"2"
"BIPMED",0,1,0,0,0,0,0,0,"2",2,0,0,0,0,0,0,0,"1",0,0,0,1,1,1,1,2,"1","0",2,0,0,"0"
"BIPMED",0,1,0,0,0,1,1,0,"0",2,0,0,1,0,0,2,2,"1",0,1,0,1,1,1,1,2,"0","0",2,0,0,"2"
"HELENA",0,0,0,1,1,0,1,0,"1",2,0,0,0,0,0,1,1,"0",0,0,0,0,1,1,1,2,"0","0",0,2,2,"0"
"BIPMED",0,1,1,0,0,0,0,0,"0",2,0,0,0,1,0,0,0,"1",0,1,0,0,1,1,1,2,"0","0",2,0,0,"0"
"BIPMED",0,1,0,0,0,1,1,1,"0",1,0,1,1,0,0,1,1,"1",1,2,1,0,1,1,1,2,"0","0",0,2,2,"1"
"BIPMED",0,1,0,0,0,1,1,0,"0",2,0,0,1,0,0,2,2,".",0,1,0,0,1,1,1,2,"0","0",2,0,0,"2"
"BIPMED",1,1,0,0,0,0,1,0,"2",1,0,1,1,0,1,2,2,"0",1,1,0,0,1,1,1,2,"1","0",1,0,0,"2"
"HELENA",0,0,0,0,0,0,0,0,"1",2,0,0,1,0,0,2,2,"0",0,1,0,0,0,0,0,2,"1","0",0,2,2,"0"
"HELENA",0,0,1,2,2,0,1,0,"1",2,0,0,1,0,0,1,1,"0",0,0,1,0,0,0,0,2,"0","0",0,0,0,"0"
"BIPMED",0,0,1,1,1,0,1,0,"0",1,0,1,0,1,0,0,0,"1",0,0,0,1,1,1,1,1,"2","1",0,1,1,"0"
"HELENA",0,0,0,0,0,0,0,0,"0",2,0,0,2,0,0,2,2,"0",1,0,0,1,1,1,1,2,"0","0",0,1,1,"1"
"BIPMED",0,1,0,0,0,0,1,0,"1",2,0,0,0,0,0,2,2,"0",1,0,0,0,1,1,1,2,"0","0",1,1,1,"1"
"BIPMED",1,1,0,0,0,0,1,0,"1",1,0,1,0,1,0,0,0,"0",0,1,1,0,0,0,0,2,"0","0",1,1,1,"1"
"HELENA",0,1,0,2,2,0,1,0,"0",1,0,0,0,0,0,1,1,"0",0,0,0,0,1,1,1,0,"0","0",2,0,0,"2"
"BIPMED",0,1,0,1,1,1,0,1,"0",2,0,1,1,0,0,2,2,"0",1,0,0,0,1,1,1,2,"0","1",0,2,2,"1"
"BIPMED",1,1,0,0,0,1,1,0,"0",2,1,1,1,0,0,2,2,"0",1,0,0,1,0,0,0,2,"1","1",0,2,2,"1"
"BIPMED",0,1,0,0,0,1,0,0,"0",1,0,0,0,0,1,1,1,"1",0,0,0,0,1,1,1,2,"1","0",2,0,0,"2"
"BIPMED",0,1,1,0,0,0,1,0,"0",1,0,0,1,0,0,1,1,".",1,0,0,1,1,1,1,2,"0","0",2,0,0,"2"
"HELENA",0,0,1,1,1,0,1,0,"0",2,0,0,0,1,0,2,2,"0",0,1,0,0,0,0,0,2,"0","0",1,1,1,"1"
"BIPMED",0,1,0,0,0,1,0,0,"0",2,0,0,1,0,0,1,1,"0",0,1,0,1,1,1,1,2,"0","0",2,0,0,"1"
"BIPMED",1,0,1,0,0,0,1,0,"0",1,0,0,0,0,1,1,1,"0",1,0,0,1,1,1,1,2,"1","0",1,0,0,"1"
"HELENA",0,1,0,2,2,0,0,1,"1",2,0,0,1,0,1,2,2,"0",1,0,1,0,0,0,1,2,"0","0",0,2,2,"2"
"BIPMED",0,1,0,1,1,0,0,0,"0",1,0,1,1,0,0,1,1,"0",0,1,0,0,1,1,1,1,"0","0",2,0,0,"2"
"BIPMED",0,0,1,0,0,0,0,0,"0",2,0,0,1,0,0,2,2,"0",0,0,0,0,0,0,1,2,"1","0",1,1,1,"1"
"BIPMED",0,1,0,0,0,0,0,1,"0",2,0,0,1,0,0,2,2,"0",1,0,0,1,1,1,1,2,"0","0",2,0,0,"0"
"BIPMED",0,1,0,0,0,0,1,0,"0",2,0,0,0,0,0,1,1,"1",1,2,0,0,1,1,1,2,"0","0",2,0,0,"2"
"BIPMED",1,1,0,1,1,0,0,0,"0",2,0,0,0,0,0,2,2,"0",0,2,0,1,1,1,1,2,"1","0",2,0,0,"1"
"HELENA",0,1,0,2,2,1,0,1,"2",2,0,0,0,0,2,1,1,"0",0,0,0,1,1,1,1,1,"0","1",0,1,1,"0"
"BIPMED",1,1,2,1,1,0,0,0,"0",1,0,0,0,0,1,1,1,"0",0,1,0,1,1,1,1,2,"0","1",0,2,2,"1"
"BIPMED",0,1,0,1,1,0,0,0,"0",2,1,1,1,0,0,1,1,"1",1,0,0,0,1,1,1,2,"1","0",1,1,1,"1"
"BIPMED",0,1,0,0,0,0,0,0,"0",2,1,1,0,0,0,1,1,"0",1,0,1,0,1,1,1,2,"0","0",1,0,0,"1"
"HELENA",0,0,1,1,1,0,0,0,"1",0,0,0,0,0,0,2,2,"0",0,0,1,0,1,1,1,2,"0","0",1,1,1,"2"
"HELENA",0,1,1,0,0,0,0,1,"0",2,0,0,0,0,1,2,2,"0",0,0,0,0,0,0,0,2,"0","0",0,0,0,"2"
"BIPMED",1,1,0,0,0,1,1,1,"1",2,0,1,1,0,0,2,2,"0",1,1,0,0,1,1,1,2,"0","0",1,1,1,"0"
"HELENA",0,0,0,0,0,0,0,0,"0",2,0,0,1,1,0,2,2,"0",0,1,1,0,1,1,1,2,"0","0",0,0,0,"0"
"HELENA",0,0,0,1,1,0,0,0,"0",1,0,0,1,1,1,2,2,"1",1,0,0,0,1,1,1,2,".","0",0,2,2,"0"
"BIPMED",0,1,0,1,1,1,1,1,"1",2,0,0,0,0,0,2,2,"0",1,0,0,1,0,0,0,2,"1","1",0,2,2,"0"
"BIPMED",0,1,0,2,2,0,0,0,"0",2,0,0,0,0,0,2,2,"1",0,1,0,1,1,1,1,1,"0","0",2,0,0,"1"
"BIPMED",0,1,1,0,0,0,1,0,"0",2,1,1,0,0,0,1,1,"1",0,0,0,1,1,1,1,1,"0","0",2,0,0,"2"
"BIPMED",0,1,0,0,0,0,1,0,"2",1,0,0,0,0,0,0,0,"0",1,0,0,0,1,1,1,2,"1","1",0,2,2,"0"
"BIPMED",0,0,1,0,0,1,0,0,"0",0,0,0,0,0,1,1,1,"0",0,1,0,0,0,0,0,2,"2","0",2,0,0,"2"
"BIPMED",0,1,0,0,0,0,0,0,"1",2,0,1,0,1,0,2,2,"0",1,1,0,0,1,1,1,1,"0","0",2,0,0,"1"
"BIPMED",0,1,0,1,1,1,1,0,"0",2,0,0,0,0,0,1,1,"0",0,0,0,0,1,1,1,2,"0","0",2,0,0,"0"
"BIPMED",0,1,0,1,1,0,1,0,"0",2,0,1,1,0,0,1,1,"0",1,0,0,1,0,0,0,2,"0","0",2,0,0,"0"
"BIPMED",1,1,1,1,1,1,0,1,"0",2,0,0,0,0,1,1,1,"1",0,1,1,0,0,0,0,2,"1","0",2,0,0,"2"
"HELENA",0,1,0,0,0,0,0,0,"0",2,0,0,2,0,0,1,1,"1",0,0,1,1,1,1,1,0,"0","0",0,0,0,"2"
"BIPMED",0,1,0,2,2,1,1,1,"1",2,0,1,1,0,1,1,1,".",0,2,0,1,1,1,1,2,"0","1",2,0,0,"2"
"BIPMED",0,1,0,1,1,0,1,0,"0",2,0,0,2,2,0,2,2,"0",0,0,0,1,1,1,1,2,"0","0",2,0,0,"2"
"BIPMED",0,1,0,2,2,0,1,0,"2",1,0,0,0,0,0,1,1,"0",1,0,0,0,1,1,1,1,"0","0",0,2,2,"0"
"HELENA",0,0,0,0,0,1,0,0,"1",1,0,0,0,0,0,2,2,"0",0,1,1,0,1,1,1,1,"0","0",1,1,1,"1"
"BIPMED",0,1,0,1,1,0,0,0,"1",1,0,0,0,1,0,0,0,"1",1,2,0,0,1,1,1,2,"0","0",0,2,2,"1"
"HELENA",0,1,1,1,1,0,1,0,"0",2,0,0,2,0,0,1,1,"0",0,1,0,1,1,1,1,2,"0","0",1,0,0,"0"
"BIPMED",0,0,0,0,0,0,0,0,"0",2,0,0,0,0,0,1,1,"0",1,1,0,1,1,1,1,1,"0","0",0,2,2,"0"
"BIPMED",1,1,1,0,0,1,1,0,"1",1,0,0,1,0,0,1,1,"0",0,1,0,0,1,1,1,2,"0","0",2,0,0,"1"
"HELENA",0,1,0,1,1,0,1,0,"0",2,0,0,1,0,0,1,1,"0",0,1,0,0,1,1,1,1,"0","0",0,1,1,"1"
"BIPMED",1,1,0,0,0,0,0,1,"0",2,0,0,1,0,0,1,1,"0",1,0,0,1,1,1,1,2,"1","0",1,1,1,"1"
"BIPMED",1,1,1,1,1,1,0,0,"0",1,0,1,1,0,0,2,2,"1",1,0,0,0,1,1,1,1,"0","0",1,0,0,"0"
"HELENA",0,0,0,0,0,0,1,0,"0",2,0,0,2,0,0,2,2,"0",0,1,1,0,1,1,1,1,"0","1",0,2,2,"0"
"HELENA",1,0,0,1,1,0,0,1,"0",2,0,1,1,0,1,2,2,"0",0,1,1,0,0,0,0,2,"1","0",0,2,2,"2"
"BIPMED",0,1,0,2,2,0,0,0,"0",2,0,0,0,1,0,2,2,"1",0,1,0,0,1,1,1,2,"0","0",0,2,2,"."
"BIPMED",0,1,0,1,1,0,0,0,"1",2,0,0,0,0,0,1,1,"0",0,1,0,0,0,0,1,1,"0","0",0,2,2,"1"
"BIPMED",0,1,0,1,1,1,1,1,"0",2,0,0,1,0,0,1,1,"0",0,0,0,0,1,1,1,2,"0","0",2,0,0,"0"
"HELENA",0,1,0,0,0,0,0,0,"1",2,0,0,0,1,0,2,2,"0",1,1,0,0,0,0,1,1,"1","0",1,1,1,"0"
"BIPMED",0,1,1,1,1,0,1,0,"0",2,0,0,1,1,0,1,1,"0",1,0,0,0,0,0,0,1,"2","1",1,0,0,"2"
"HELENA",0,1,0,1,1,0,1,0,"1",1,0,0,0,0,1,1,1,"0",0,1,1,0,0,0,0,2,"0","0",2,0,0,"0"
"HELENA",0,0,0,1,1,0,0,0,"1",2,0,0,1,1,0,0,0,"0",0,0,0,0,0,0,1,2,"0","1",2,0,0,"2"
"HELENA",0,0,0,0,0,0,1,0,"0",2,0,0,0,0,1,1,1,"0",0,0,1,0,1,1,1,2,"0","2",0,0,0,"0"
"BIPMED",0,0,0,0,0,1,1,0,"0",1,0,0,0,1,0,2,2,"0",0,0,1,0,1,1,1,2,"1","1",2,0,0,"1"
"HELENA",0,0,0,0,0,0,1,0,"1",2,0,0,2,0,1,2,2,"0",0,0,0,0,0,0,0,1,"0","0",2,2,2,"2"
"BIPMED",0,1,0,0,0,0,1,0,"1",2,0,0,0,0,0,0,0,"0",0,0,0,1,1,1,1,2,"0","0",2,0,0,"2"
"HELENA",0,0,0,1,1,0,1,1,"1",2,0,0,0,0,0,2,2,"0",0,0,0,0,1,1,1,1,"0","0",0,0,0,"0"
"BIPMED",0,1,0,0,0,1,1,0,"0",2,0,0,0,0,0,1,1,"0",0,0,0,1,0,0,0,2,"1","0",1,1,1,"1"
"HELENA",0,0,0,2,2,0,1,0,"1",1,0,0,1,0,0,1,1,"0",1,1,0,0,1,1,1,1,"0","0",0,1,1,"2"
"BIPMED",0,1,0,2,2,0,1,0,"1",2,1,1,1,0,0,2,2,"1",2,0,1,0,0,0,0,2,"0","0",0,0,0,"0"
"HELENA",0,1,0,0,0,0,0,1,"0",2,0,1,1,0,1,0,0,"0",0,0,0,0,1,1,1,0,"1","0",0,0,0,"2"
"BIPMED",0,1,1,0,0,2,0,0,"0",2,0,0,1,0,0,2,2,"1",0,0,0,0,1,1,1,2,"1","0",2,0,0,"0"
"BIPMED",0,1,0,1,1,0,0,0,"1",2,1,1,0,1,0,0,0,"0",0,1,0,1,0,0,0,2,"0","0",2,0,0,"2"
"BIPMED",0,1,0,0,0,0,1,0,"0",2,0,1,1,0,0,1,1,"1",0,0,0,0,1,1,1,2,"0","1",1,1,1,"1"
"BIPMED",0,1,0,1,1,0,0,0,"1",2,0,2,0,1,0,2,2,"0",0,1,1,1,1,1,1,2,"0","0",0,0,0,"0"
"BIPMED",0,0,0,0,0,0,0,0,"0",2,0,0,0,0,0,1,1,"0",0,0,1,0,1,1,1,2,"1","1",0,1,1,"2"
"BIPMED",0,1,2,0,0,1,0,0,"0",1,1,1,1,1,1,1,1,"0",0,0,0,1,1,1,1,2,"1","1",2,0,0,"0"
"BIPMED",0,1,0,1,1,1,0,0,"0",2,0,0,0,0,1,1,1,"1",1,1,0,1,1,1,1,1,"0","0",2,0,0,"0"
"HELENA",0,1,0,1,1,1,0,0,"0",2,0,0,1,0,0,1,1,"0",0,0,0,0,1,1,1,2,"0","0",0,2,1,"0"
"BIPMED",0,0,2,0,0,0,1,0,"0",2,0,0,1,1,0,1,1,"1",0,1,0,0,1,1,1,1,"0","1",1,0,0,"2"
"BIPMED",0,1,1,1,1,1,1,0,"1",2,0,0,0,0,0,1,1,"0",1,1,1,0,1,1,1,2,"2","0",0,1,1,"1"
"BIPMED",0,1,1,0,0,1,1,0,"0",2,0,0,0,2,0,1,1,"0",0,1,0,1,1,1,1,1,"0","1",2,0,0,"2"
"BIPMED",0,0,0,0,0,1,1,0,"0",1,0,0,0,0,0,1,1,"0",0,0,0,0,1,1,1,2,"2","0",0,2,2,"2"
"BIPMED",0,1,1,1,1,0,1,0,"1",2,0,0,0,2,1,0,0,".",1,0,0,1,1,1,1,1,"0","0",2,0,0,"2"
"BIPMED",0,1,0,1,1,0,0,1,"0",2,2,2,0,0,0,0,0,".",0,1,0,0,1,1,1,2,"0","0",0,2,2,"2"
"HELENA",0,1,0,2,2,0,0,0,"0",0,0,0,1,0,0,2,2,"0",0,1,0,0,1,1,1,1,"1","0",0,2,2,"2"
"HELENA",0,1,0,1,1,0,1,0,"0",2,0,0,1,0,0,2,2,"0",0,1,0,0,1,1,1,1,"1","0",0,2,2,"2"
"HELENA",0,1,0,1,1,0,1,0,"0",2,0,0,1,0,0,2,2,"0",0,0,0,0,1,1,1,1,"0","0",2,0,0,"2"
"BIPMED",0,1,1,0,0,1,0,0,"0",1,0,1,1,0,0,0,0,"0",1,0,0,1,0,0,0,1,"0","0",0,2,2,"1"
"BIPMED",0,1,0,0,0,1,1,0,"1",2,0,1,1,0,1,2,2,"0",0,0,0,0,1,1,1,2,"1","0",1,1,1,"2"
"HELENA",0,1,0,1,1,0,1,1,"0",2,0,2,1,0,0,1,1,"0",0,0,0,0,0,0,0,0,"0","0",2,0,0,"2"
"HELENA",0,0,0,0,0,1,0,0,"0",2,0,0,0,0,0,2,2,"0",0,2,0,1,0,0,0,1,"0","0",2,0,0,"0"
"HELENA",0,1,0,2,2,1,1,1,"0",2,0,1,1,0,0,2,2,"1",0,1,0,1,1,1,1,2,"0","0",0,2,2,"0"
"BIPMED",0,1,0,1,1,0,1,0,"0",2,0,0,0,1,0,2,2,"0",0,1,0,0,1,1,1,2,"0","0",0,2,2,"1"
"BIPMED",0,1,0,0,0,0,0,0,"1",1,0,1,0,0,0,1,1,"1",0,1,0,0,1,1,1,0,"0","0",0,2,2,"2"
"BIPMED",0,1,0,0,0,1,0,0,"1",2,0,0,2,0,0,2,2,"0",0,1,0,0,1,1,1,1,"0","0",2,0,0,"2"
